{"chunk_definitions":[{"row":20,"row_count":1,"visible":true,"expansion_state":0,"options":{"engine":"r","label":"setup","include":false},"document_id":"50606C6E","chunk_id":"csetup_chunk","chunk_label":"setup"},{"row":35,"row_count":1,"visible":true,"expansion_state":0,"options":{"engine":"r","label":"unnamed-chunk-1"},"document_id":"50606C6E","chunk_id":"ch1ts3kmjek4q","chunk_label":"unnamed-chunk-1"},{"row":43,"row_count":1,"visible":true,"expansion_state":0,"options":{"engine":"r","label":"unnamed-chunk-2"},"document_id":"50606C6E","chunk_id":"c6wvsjwy1qczo","chunk_label":"unnamed-chunk-2"},{"row":184,"row_count":1,"visible":true,"expansion_state":0,"options":{"engine":"r","label":"unnamed-chunk-3"},"document_id":"50606C6E","chunk_id":"cch2b53d7uwag","chunk_label":"unnamed-chunk-3"},{"row":193,"row_count":1,"visible":true,"expansion_state":0,"options":{"engine":"r","label":"unnamed-chunk-4"},"document_id":"50606C6E","chunk_id":"c6s7fr3m0xud9","chunk_label":"unnamed-chunk-4"},{"row":201,"row_count":1,"visible":true,"expansion_state":0,"options":{"engine":"r","label":"unnamed-chunk-5"},"document_id":"50606C6E","chunk_id":"cszsv5rzlhkiv","chunk_label":"unnamed-chunk-5"},{"row":213,"row_count":1,"visible":true,"expansion_state":0,"options":{"engine":"r","label":"unnamed-chunk-6"},"document_id":"50606C6E","chunk_id":"ct5fd9tyk9qim","chunk_label":"unnamed-chunk-6"},{"row":222,"row_count":1,"visible":true,"expansion_state":0,"options":{"engine":"r","label":"unnamed-chunk-7"},"document_id":"50606C6E","chunk_id":"cc5rq3eaupiny","chunk_label":"unnamed-chunk-7"},{"row":283,"row_count":1,"visible":true,"expansion_state":0,"options":{"engine":"r","label":"unnamed-chunk-8"},"document_id":"50606C6E","chunk_id":"cgxg3xrtmj0tn","chunk_label":"unnamed-chunk-8"},{"row":403,"row_count":1,"visible":true,"expansion_state":0,"options":{"engine":"r","label":"unnamed-chunk-9"},"document_id":"50606C6E","chunk_id":"cw2qc6zzoerd4","chunk_label":"unnamed-chunk-9"},{"row":477,"row_count":1,"visible":true,"expansion_state":0,"options":{"engine":"r","label":"unnamed-chunk-10"},"document_id":"50606C6E","chunk_id":"cqoxmidrkfmwi","chunk_label":"unnamed-chunk-10"},{"row":566,"row_count":1,"visible":true,"expansion_state":0,"options":{"engine":"r","label":"unnamed-chunk-11"},"document_id":"50606C6E","chunk_id":"cvy931c367opt","chunk_label":"unnamed-chunk-11"},{"row":624,"row_count":1,"visible":true,"expansion_state":0,"options":{"engine":"r","label":"unnamed-chunk-12"},"document_id":"50606C6E","chunk_id":"chc9ec798bhr6","chunk_label":"unnamed-chunk-12"},{"row":648,"row_count":1,"visible":true,"expansion_state":0,"options":{"engine":"r","label":"unnamed-chunk-13"},"document_id":"441D5F89","chunk_id":"c6llp4c9kxsql","chunk_label":"unnamed-chunk-13"},{"row":692,"row_count":1,"visible":true,"expansion_state":0,"options":{"engine":"r","label":"unnamed-chunk-14"},"document_id":"50606C6E","chunk_id":"cm3lbv6k1tfdm","chunk_label":"unnamed-chunk-14"},{"row":724,"row_count":1,"visible":true,"expansion_state":0,"options":{"engine":"r","label":"unnamed-chunk-15"},"document_id":"50606C6E","chunk_id":"c7pej1i8z10iw","chunk_label":"unnamed-chunk-15"},{"row":757,"row_count":1,"visible":true,"expansion_state":0,"options":{"engine":"r","label":"unnamed-chunk-16"},"document_id":"50606C6E","chunk_id":"cl5ouomp5vtkw","chunk_label":"unnamed-chunk-16"},{"row":773,"row_count":1,"visible":true,"expansion_state":0,"options":{"engine":"r","label":"unnamed-chunk-17"},"document_id":"441D5F89","chunk_id":"c0j8qrzqiopdp","chunk_label":"unnamed-chunk-17"}],"doc_write_time":1696751262}