"0","#Поигрался с chaGPT"
"0","cleaned_data %>% "
"0","  select_if(is.numeric) %>% # Select only numeric variables"
"0","  gather() %>% # Convert to long format"
"0","  group_by(key) %>% # Group by variable name !!! key передали из предыдущего пайка. Как заменить на другое название колонки не разобрался пока!!!"
"0","  summarise("
"0","    shapiro_p = shapiro.test(value)$p.value, # Shapiro-Wilk test p-value"
"0","    ks_p = ks.test(value, ""pnorm"")$p.value # Kolmogorov-Smirnov test p-value"
"0","  ) %>% "
"0","  mutate("
"0","    shapiro_normal = ifelse(shapiro_p > 0.05, ""Yes"", ""No""), # Normality based on Shapiro-Wilk test"
"0","    ks_normal = ifelse(ks_p > 0.05, ""Yes"", ""No"") # Normality based on Kolmogorov-Smirnov test"
"0","  ) "
"2","Предупреждение: [38;5;252mThere were 5 warnings in `summarise()`.
The first warning was:[39m
[38;5;252m[36mℹ[38;5;252m In argument: `ks_p = ks.test(value, ""pnorm"")$p.value`.
[36mℹ[38;5;252m In group 1: `key = ""Age""`.[39m
Caused by warning in `ks.test.default()`:
[33m![39m в тесте Колмогорова-Смирнова не должно быть повторяющихся значений
[38;5;252m[36mℹ[38;5;252m Run ]8;;ide:run:dplyr::last_dplyr_warnings()dplyr::last_dplyr_warnings()]8;; to see the 4 remaining warnings.[39m"
