"0","# Данные сгруппированы по признаку Presence or absence of cardiovascular disease как в предыдущих заданиях. Заполнение столбцов показывает распределение признака для каждой группы Presence or absence of cardiovascular disease."
"0",""
"0","Gender <- cleaned_data %>% "
"0","ggplot( aes("
"0","    x = `Presence or absence of cardiovascular disease`,"
"0","    fill = Gender"
"0","  )) +"
"0","  geom_bar()"
"0",""
"0","Cholesterol <- cleaned_data %>% "
"0","ggplot( aes("
"0","    x = `Presence or absence of cardiovascular disease`,"
"0","    fill = Cholesterol"
"0","  )) +"
"0","  geom_bar()"
"0",""
"0",""
"0","Glucose <- cleaned_data %>% "
"0","ggplot( aes("
"0","    x = `Presence or absence of cardiovascular disease`,"
"0","    fill = Glucose"
"0","  )) +"
"0","  geom_bar()"
"0",""
"0","Smoking <- cleaned_data %>% "
"0","ggplot( aes("
"0","    x = `Presence or absence of cardiovascular disease`,"
"0","    fill = Smoking"
"0","  )) +"
"0","  geom_bar()"
"0",""
"0","Alcohol <- cleaned_data %>% "
"0","ggplot( aes("
"0","    x = `Presence or absence of cardiovascular disease`,"
"0","    fill = `Alcohol intake`"
"0","  )) +"
"0","  geom_bar()"
"0",""
"0","Physical <- cleaned_data %>% "
"0","ggplot( aes("
"0","    x = `Presence or absence of cardiovascular disease`,"
"0","    fill = `Physical activity`"
"0","  )) +"
"0","  geom_bar()"
"0",""
"0","ggarrange(Gender, Cholesterol, Glucose, Smoking, Alcohol, Physical,"
"0","                    # labels = c(""A"", ""B"", ""C"", ""D"", ""E"", ""F""),"
"0","                    ncol = 3, nrow = 2) "
