"0","# rm(list = ls())"
"0","# cleaned_data <- read_csv(""cleaned_data.csv"")"
"0",""
"0","# cleaned_data %>% "
"0","#   # select_if(!id & is.factor) %>% "
"0","#   select_if(pmap_lgl(list(., !grepl(""id"", names(.))), "
"0","#                       ~is.factor(..1) && ..2)) %>% "
"0","#   "
"0","#   map(function(x) table(x))"
"0",""
"0","group_variable <- ""Presence or absence of cardiovascular disease"""
"0","variable <- ""Glucose"""
"0","# subdata <- cleaned_data"
"0",""
"0","make_cat_table_for_one_var <- function(variable, group_variable, cleaned_data) {"
"0","  "
"0","  make_binom_multinom <- function(temp_data, abs_frequency = ""Абсолютное количество"") {"
"0","        if(sum(temp_data[[abs_frequency]]) == 0) {"
"0","          return(""Н/П*"")"
"0","        }"
"0","  "
"0","        if(length(temp_data[[abs_frequency]]) <= 2) {"
"0","  "
"0","          DescTools::BinomCI(temp_data[[abs_frequency]], sum(temp_data[[abs_frequency]]), conf.level = 0.95, method = ""clopper-pearson"", side = ""two.sided"") %>% "
"0","      round(2) %>% "
"0","      as_tibble() %>% "
"0","      select(-est) %>% "
"0","      unite(""95% ДИ"", lwr.ci, upr.ci, sep = "", "")  "
"0","  "
"0","        } else{"
"0","        DescTools::MultinomCI(temp_data[[abs_frequency]], conf.level = 0.95, method = ""sisonglaz"", side = ""two.sided"") %>% "
"0","      round(2) %>% "
"0","      as_tibble() %>% "
"0","      select(-est) %>% "
"0","      unite(""95% ДИ"", lwr.ci, upr.ci, sep = "", "")  "
"0","        }"
"0","  "
"0","      }"
"0",""
"0","  #####################################Тест Фише и  Хи квадрат##############################################"
"0","  correct_test <- function(cleaned_data, group_variable, variable) {"
"0","    cleaned_data %>% "
"0","      select(all_of(c(group_variable, variable))) %>% "
"0","      table() -> matrix_data"
"0","  "
"0","    if((sum(rowSums(matrix_data) > 0) >= 2) & (sum(colSums(matrix_data) > 0) >= 2)) {"
"0","  "
"0","      if (any(matrix_data < 5)) {"
"0","        matrix_data %>% "
"0","        fisher.test(simulate.p.value = TRUE, B = 1000) %>% "
"0","        .$p.value %>% "
"0","        laconic_p() %>% "
"0","        paste0("" (f)"") %>% "
"0","          return()"
"0","  "
"0","      } else{"
"0","        matrix_data %>% "
"0","        chisq.test(simulate.p.value = TRUE, B = 1000) %>% "
"0","        .$p.value %>% "
"0","        laconic_p() %>%"
"0","          paste0("" (x^2)"") %>% "
"0","          return()"
"0","  "
"0","      }"
"0","  "
"0","  "
"0","    } else{"
"0","      return(""Н/П*"")"
"0","    }"
"0","  }"
"0",""
"0","  "
"0","  #####################################Вывод результата################################################################################"
"0","    cleaned_data %>% "
"0","      dplyr::select(all_of(c(group_variable, variable))) %>% "
"0","      count(.data[[group_variable]], .data[[variable]], .drop = FALSE, name = ""Абсолютное количество"") %>% "
"0","      dplyr::group_by(.data[[group_variable]]) %>% "
"0","        dplyr::mutate(`Относительное количество внутри группы` = (`Абсолютное количество` / sum (`Абсолютное количество`)) %>% round(4) %>% `*`(100) %>% str_c(""%"")) %>% "
"0","      ungroup() -> temp_data"
"0","  "
"0","  "
"0","    temp_data %>% "
"0","      split(~ temp_data[[group_variable]]) %>% "
"0","      map_dfr(function(cleaned_data) make_binom_multinom(cleaned_data, ""Абсолютное количество"")) %>% "
"0","      bind_cols(temp_data, .) %>% "
"0","      mutate (`p-value` = correct_test(cleaned_data, group_variable, variable)) %>% "
"0","      rename(""Value"" = variable, ""Group"" = group_variable)"
"0","  "
"0","}"
"0",""
"0","cleaned_data %>% "
"0","  select(!c(id, group_variable) & where(is.factor)) %>%"
"0","  names() -> variable_names"
"2","Предупреждение: Using an external vector in selections was deprecated in tidyselect 1.1.0.
Please use `all_of()` or `any_of()` instead.
# Was:
data %>% select(group_variable)

# Now:
data %>% select(all_of(group_variable))

See <https://tidyselect.r-lib.org/reference/faq-external-vector.html>."
"0","variable_names %>% "
"0","  set_names() %>% "
"0","  map(function(variable) make_cat_table_for_one_var(variable, group_variable, cleaned_data)) %>% "
"0","  enframe() %>% "
"0","  unnest(cols = value) %>% "
"0","  rename(""Variable"" = name) %>% "
"0","  flextable() %>% "
"0","  theme_box %>% "
"0","  merge_v(c(""Variable"", ""Group"")) %>% "
"0","  merge_v(""Variable"", target = ""p-value"")"
"2","Предупреждение: Using an external vector in selections was deprecated in tidyselect 1.1.0.
Please use `all_of()` or `any_of()` instead.
# Was:
data %>% select(variable)

# Now:
data %>% select(all_of(variable))

See <https://tidyselect.r-lib.org/reference/faq-external-vector.html>."
