"0",""
"0",""
"0","cleaned_data %>% "
"0","  select(`Presence or absence of cardiovascular disease`, where(is.factor)) %>%"
"0","  mutate(`Physical activity` = `Physical activity` %>% as.factor() %>% replace_na(""Нет данных"") %>% as.factor()) %>% "
"0","  count(`Presence or absence of cardiovascular disease`, `Physical activity`) %>% "
"0","  group_by(`Presence or absence of cardiovascular disease`) %>%"
"0","  mutate(`Процент по группе` = (n/sum(n)) %>% round(4) %>% `*`(100) %>% str_c(""%""))"
