"0","  "
"0",""
"0",""
"0","# cleaned_data %>% "
"0","#   select(`Presence or absence of cardiovascular disease`, where(is.factor)) %>%"
"0","#   group_by(`Presence or absence of cardiovascular disease`) %>%"
"0","#   summarise(across(where(is.factor), (n/sum(n)) %>% round(4) %>% `*`(100) %>% str_c(""%""))) %>%"
"0","#   pivot_longer(!`Presence or absence of cardiovascular disease`) %>% "
"0","#   separate(name, into = c(""Переменная"", ""Статистика""), sep = ""_"") %>%"
"0","#   rename(`Значение` = value) %>%"
"0","#   flextable() %>% "
"0","#   theme_box() %>% "
"0","#   merge_v(c(""Presence or absence of cardiovascular disease"", ""Переменная""))"
"0","  "
