"0","knitr::opts_chunk$set(echo = TRUE)"
"0","library(readr)"
"0","library(flextable)"
"0",""
"0","library(tidyverse)"
"2","── [1mAttaching core tidyverse packages[22m ───────────────────────────────────────────────────────────────────────────────── tidyverse 2.0.0 ──
[32m✔[39m [34mdplyr    [39m 1.1.3     [32m✔[39m [34mpurrr    [39m 1.0.2
[32m✔[39m [34mforcats  [39m 1.0.0     [32m✔[39m [34mstringr  [39m 1.5.0
[32m✔[39m [34mggplot2  [39m 3.4.3     [32m✔[39m [34mtibble   [39m 3.2.1
[32m✔[39m [34mlubridate[39m 1.9.3     [32m✔[39m [34mtidyr    [39m 1.3.0"
"2","── [1mConflicts[22m ─────────────────────────────────────────────────────────────────────────────────────────────────── tidyverse_conflicts() ──
[31m✖[39m [34mpurrr[39m::[32mcompose()[39m masks [34mflextable[39m::compose()
[31m✖[39m [34mdplyr[39m::[32mfilter()[39m  masks [34mstats[39m::filter()
[31m✖[39m [34mdplyr[39m::[32mlag()[39m     masks [34mstats[39m::lag()
[36mℹ[39m Use the ]8;;http://conflicted.r-lib.org/conflicted package]8;; to force all conflicts to become errors"
"0","laconic_p <- function(x){"
"0","  "
"0","  if_else(is.na(x) | is.nan(x), return(""> 0.05""), if_else(x < 0.05, return(""<0.05""), return(as.character(round(x, 3)))))"
"0","  "
"0","}"
