"0","# df <- read_delim(""data/raw/cardio_train_big.csv"","
"0","#     delim = "";"", escape_double = FALSE, trim_ws = TRUE)"
"0",""
"0","df <- read_delim(""data/raw/cardio_train_not_too_big.csv"","
"0","    delim = "";"", escape_double = FALSE, trim_ws = TRUE)"
"2","[1mRows: [22m[34m342[39m [1mColumns: [22m[34m13[39m"
"2","[36m──[39m [1mColumn specification[22m [36m─────────────────────────────────────────────────────────────────────────────────────────────────────────────────[39m
[1mDelimiter:[22m "";""
[32mdbl[39m (13): id, age, gender, height, weight, ap_hi, ap_lo, cholesterol, gluc, smoke, alco, active, cardio"
"2","
[36mℹ[39m Use `spec()` to retrieve the full column specification for this data.
[36mℹ[39m Specify the column types or set `show_col_types = FALSE` to quiet this message."
