"0","# rm(list = ls())"
"0","# cleaned_data <- read_csv(""cleaned_data.csv"")"
"0",""
"0",""
"0",""
"0","statistics <- list("
"0","      `Количество значений` = ~length(.x) %>%  as.character(),"
"0","      # `Количество (есть данные)` = ~sum(!is.na(.x)),"
"0","      `Количество пропущенных значений` = ~sum(is.na(.x)) %>%  as.character(),"
"0","      `Среднее` = ~ifelse(sum(!is.na(.x)) == 0, ""Н/П*"", mean(.x, na.rm = TRUE) %>% round(2) %>% as.character()),"
"0","      `Медиана` = ~ifelse(sum(!is.na(.x)) == 0, ""Н/П*"", median(.x, na.rm = TRUE) %>% round(2) %>% as.character()),"
"0","      `Стандартное отклонение` = ~ifelse(sum(!is.na(.x)) < 3, ""Н/П*"", sd(.x, na.rm = TRUE) %>% round(2) %>% as.character()),"
"0","      `25% квантиль и 75% квантиль` = ~ifelse(sum(!is.na(.x)) == 0, ""Н/П*"", paste0(quantile(.x, 0.25, na.rm = TRUE) %>% round(2), "" - "", quantile(.x, 0.75, na.rm = TRUE) %>% round(2))) %>%  as.character(),"
"0","      `Минимум` = ~ifelse(sum(!is.na(.x)) == 0, ""Н/П*"", paste0(min(.x, na.rm = TRUE) %>% round(2))) %>%  as.character(),"
"0","      `Максимум` = ~ifelse(sum(!is.na(.x)) == 0, ""Н/П*"", paste0(max(.x, na.rm = TRUE) %>% round(2))) %>%  as.character(),"
"0","      `95% ДИ для среднего` = ~sd(.x, na.rm = TRUE) %>% round(2) %>% as.character()"
"0",")"
"0",""
"0",""
"0","cleaned_data %>% "
"0","  select(`Presence or absence of cardiovascular disease`, where(is.numeric)) %>%"
"0","  group_by(`Presence or absence of cardiovascular disease`) %>%"
"0","  summarise(across(where(is.numeric), statistics)) %>%"
"0","  pivot_longer(!`Presence or absence of cardiovascular disease`) %>% "
"0","  separate(name, into = c(""Переменная"", ""Статистика""), sep = ""_"") %>%"
"0","  rename(`Значение` = value) %>%"
"0","  flextable() %>% "
"0","  theme_box() %>% "
"0","  merge_v(c(""Presence or absence of cardiovascular disease"", ""Переменная""))"
