{"chunk_definitions":[{"row":12,"row_count":1,"visible":true,"expansion_state":0,"options":{"engine":"r","label":"setup","include":false},"document_id":"7A7B7404","chunk_id":"csetup_chunk","chunk_label":"setup"},{"row":174,"row_count":1,"visible":true,"expansion_state":0,"options":{"engine":"r","label":"unnamed-chunk-39"},"document_id":"7A7B7404","chunk_id":"ckmx99b0tuzgn","chunk_label":"unnamed-chunk-6"},{"row":424,"row_count":1,"visible":true,"expansion_state":0,"options":{"engine":"r","label":"unnamed-chunk-47"},"document_id":"7A7B7404","chunk_id":"cstzgkhtb1613","chunk_label":"unnamed-chunk-14"}],"doc_write_time":1695581040,"working_dir":null,"default_chunk_options":{"echo":true}}