"0",""
"0",""
"0","out_Age <- df1 %>%"
"0","  filter(Age < quantile(Age, 0.25) - 1.5*IQR(Age) | Age > quantile(Age, 0.75) + 1.5*IQR(Age))"
"0",""
"0","out_Height <- df1 %>%"
"0","  filter(Height < quantile(Height, 0.25) - 1.5*IQR(Height) | Height > quantile(Height, 0.75) + 1.5*IQR(Height))"
"0",""
"0","out_Weight <- df1 %>%"
"0","  filter(Weight < quantile(Weight, 0.25) - 1.5*IQR(Weight) | Weight > quantile(Weight, 0.75) + 1.5*IQR(Weight))"
"0",""
"0","out_SBP <- df1 %>%"
"0","  filter(`Systolic blood pressure` < quantile(`Systolic blood pressure`, 0.25) - 1.5*IQR(`Systolic blood pressure`) | `Systolic blood pressure` > quantile(`Systolic blood pressure`, 0.75) + 1.5*IQR(`Systolic blood pressure`))"
"0",""
"0","out_DBP <- df1 %>%"
"0","  filter(`Diastolic blood pressure` < quantile(`Diastolic blood pressure`, 0.25) - 1.5*IQR(`Diastolic blood pressure`) | `Diastolic blood pressure` > quantile(`Diastolic blood pressure`, 0.75) + 1.5*IQR(`Diastolic blood pressure`))"
"0",""
"0","outliers <- bind_rows(out_Age, out_Height, out_Weight, out_SBP, out_DBP)"
"0",""
"0",""
"0"," write.csv(outliers, ""outliers.csv"")"
"0",""
"0","# Поиск выбросов по 1.5*IQR и удаление"
"0","outliers2 <- df1 %>% "
"0","  mutate(Age = ifelse(Age > quantile(Age, 0.75, na.rm = TRUE) + 1.5*IQR(Age, na.rm=TRUE) | Age < quantile(Age, 0.25, na.rm = TRUE) - 1.5*IQR(Age, na.rm= TRUE), NA, Age))"
"0",""
"0","outliers2 <- outliers2 %>% "
"0","  mutate(Age = ifelse(Height > quantile(Height, 0.75, na.rm = TRUE) + 1.5*IQR(Height, na.rm=TRUE) | Height < quantile(Height, 0.25, na.rm = TRUE) - 1.5*IQR(Height, na.rm= TRUE), NA, Height))"
"0",""
"0","outliers2 <- outliers2 %>% "
"0","  mutate(Weight = ifelse(Weight > quantile(Weight, 0.75, na.rm = TRUE) + 1.5*IQR(Weight, na.rm=TRUE) | Weight < quantile(Weight, 0.25, na.rm = TRUE) - 1.5*IQR(Weight, na.rm= TRUE), NA, Weight))"
"0",""
"0","outliers2 <- outliers2 %>% "
"0","  mutate(`Systolic blood pressure` = ifelse(`Systolic blood pressure` > quantile(`Systolic blood pressure`, 0.75, na.rm = TRUE) + 1.5*IQR(`Systolic blood pressure`, na.rm=TRUE) | `Systolic blood pressure` < quantile(`Systolic blood pressure`, 0.25, na.rm = TRUE) - 1.5*IQR(Weight, na.rm= TRUE), NA, `Systolic blood pressure`))"
"0",""
"0","outliers2 <- outliers2 %>% "
"0","  mutate(`Diastolic blood pressure` = ifelse(`Diastolic blood pressure` > quantile(`Diastolic blood pressure`, 0.75, na.rm = TRUE) + 1.5*IQR(`Diastolic blood pressure`, na.rm=TRUE) | `Diastolic blood pressure` < quantile(`Diastolic blood pressure`, 0.25, na.rm = TRUE) - 1.5*IQR(`Diastolic blood pressure`, na.rm= TRUE), NA, `Diastolic blood pressure`))"
"0",""
"0","# Проверяем ещё раз на выбросы"
"0","boxplot(outliers2$Age)"
