"0","data <- read_tsv(""data_tsv.tsv"")
"
"2","[1mRows: [22m[34m100[39m [1mColumns: [22m[34m13[39m"
"2","[36m──[39m [1mColumn specification[22m [36m───────────────────────────────────────────────────────────────────────────────────────────────────────────────────────────────[39m
[1mDelimiter:[22m ""\t""
[31mchr[39m  (3): Группа, Пол, Группа крови
[32mdbl[39m (10): Возраст, Рост, Базофилы_E1, Эозинофилы_E1, Гемоглобин_E1, Эритроциты_E1, Базофилы_E2, Эозинофилы_E2, Гемоглобин_E2, Эритроциты_E2"
"2","
[36mℹ[39m Use `spec()` to retrieve the full column specification for this data.
[36mℹ[39m Specify the column types or set `show_col_types = FALSE` to quiet this message."
