"0",""
"0",""
"0","library(ggbeeswarm)"
"0","library(RColorBrewer)"
"0","library(ggpubr)"
"2","
Присоединяю пакет: ‘ggpubr’

"
"2","Следующие объекты скрыты от ‘package:flextable’:

    border, font, rotate

"
"0","Age <- cleaned_data %>% "
"0","  ggplot(mapping = aes(x = `Presence or absence of cardiovascular disease`, y = Age)) +"
"0","  geom_boxplot(aes(fill = `Presence or absence of cardiovascular disease`)) +"
"0","  geom_quasirandom(size = 3, alpha = 0.2) +"
"0","  scale_fill_brewer(palette = ""Dark2"") + "
"0","  theme_minimal() +"
"0","  theme(legend.position = ""none"")"
"0","  "
"0",""
"0","Height <- cleaned_data %>% "
"0","  ggplot(mapping = aes(x = `Presence or absence of cardiovascular disease`, y = Height)) +"
"0","  geom_boxplot(aes(fill = `Presence or absence of cardiovascular disease`)) +"
"0","  geom_quasirandom(size = 3, alpha = 0.2) +"
"0","  scale_fill_brewer(palette = ""Dark2"") + "
"0","  theme_minimal() +"
"0","  theme(legend.position = ""none"")"
"0",""
"0","Weight <- cleaned_data %>% "
"0","  ggplot(mapping = aes(x = `Presence or absence of cardiovascular disease`, y = Weight)) +"
"0","  geom_boxplot(aes(fill = `Presence or absence of cardiovascular disease`)) +"
"0","  geom_quasirandom(size = 3, alpha = 0.2) +"
"0","  scale_fill_brewer(palette = ""Dark2"") + "
"0","  theme_minimal() +"
"0","  theme(legend.position = ""none"")"
"0",""
"0","SBP <- cleaned_data %>% "
"0","  ggplot(mapping = aes(x = `Presence or absence of cardiovascular disease`, y = `Systolic blood pressure`)) +"
"0","  geom_boxplot(aes(fill = `Presence or absence of cardiovascular disease`)) +"
"0","  geom_quasirandom(size = 3, alpha = 0.2) +"
"0","  scale_fill_brewer(palette = ""Dark2"") + "
"0","  theme_minimal() +"
"0","  theme(legend.position = ""none"")"
"0",""
"0","DBP <- cleaned_data %>% "
"0","  ggplot(mapping = aes(x = `Presence or absence of cardiovascular disease`, y = `Diastolic blood pressure`)) +"
"0","  geom_boxplot(aes(fill = `Presence or absence of cardiovascular disease`)) +"
"0","  geom_quasirandom(size = 3, alpha = 0.2) +"
"0","  scale_fill_brewer(palette = ""Dark2"") + "
"0","  theme_minimal() +"
"0","  theme(legend.position = ""none"")"
"0",""
"0","# Объединяем в одну картинку"
"0","ggarrange(Age, Height, Weight, SBP, DBP,"
"0","                    labels = c(""A"", ""B"", ""C"", ""D"", ""E""),"
"0","                    ncol = 5, nrow = 1)"
