"0",""
"0",""
"0","# Попытка сделать черз автоопределения количественного признака списоком"
"0","# num_auto <- cleaned_data %>% select_if(function(x) {all(is.numeric(x))}) %>% colnames()"
"0","# "
"0","# cleaned_data %>% "
"0","#   ggplot(mapping = aes(x = `Presence or absence of cardiovascular disease`, y = num_auto)) +"
"0","#   geom_boxplot()"
"0",""
"0","#Нашёл такое решение"
"0","# https://community.rstudio.com/t/merging-or-combining-few-boxplots-into-one/143521/2"
"0","#Не смог разобраться как убрать дубли подписей признаков и сделать группировку"
"0","cleaned_data %>%"
"0","  # group_by(`Presence or absence of cardiovascular disease`) %>% "
"0","  select(where(is.numeric)) %>% "
"0","  pivot_longer(cols = everything(), names_to = ""Variable"", values_to = ""Value"") %>% "
"0","  ggplot(aes(x = Variable, y = Value, fill = Variable)) +"
"0","  geom_boxplot() +"
"0","  geom_quasirandom(size = 2, alpha = 0.2) +"
"0","  scale_fill_brewer(palette = ""Dark2"") + "
"0","  theme_minimal() +"
"0","  theme(legend.position = ""top"") +"
"0","  facet_wrap(~ Variable, scales = ""free"")"
